,App_Name,Category,ESRB_rating,Num_Rated,Num_Reviewed,Rating
0,iTunes,music,Rating Board ESRB. Rated For ages 13 and up.,3758,1451,3.5
1,AdBlock,productivity,Rating Board ESRB. Rated For all ages.,1112,688,3.5
2,World National Parks,personalization,Rating Board ESRB. Rated For all ages.,74,24,4.5
3,Movie Maker 10 - Tell Your Story,photo/video,Rating Board ESRB. Rated For all ages.,3428,694,4.0
5,Crackle,entertainment,Rating Board ESRB. Rated For all ages.,4834,828,3.5
6,Islands in the Sun,personalization,Rating Board ESRB. Rated For all ages.,55,21,4.5
7,Movie Edit Touch,photo/video,Rating Board ESRB. Rated For all ages.,1395,423,2.5
8,JAR File Opener,utilities/tools,Rating Board ESRB. Rated For all ages.,764,325,2.5
9,Connected Devices,utilities/tools,Rating Board ESRB. Rated For all ages.,162,107,4.0
10,Color Splash Effect,photo/video,Rating Board ESRB. Rated For all ages.,220,78,4.0
11,CBS,entertainment,Rating Board ESRB. Rated For ages 13 and up.,3766,2054,3.5
12,Mandala Color by Number - Sandbox Coloring Pages,entertainment,Rating Board ESRB. Rated For all ages.,45,17,3.5
13,Huetro for Hue,utilities/tools,Rating Board ESRB. Rated For all ages.,799,509,4.5
14,Remix 3D Winterscapes,personalization,Rating Board ESRB. Rated For all ages.,44,26,4.5
15,Invoice Master,business,Rating Board ESRB. Rated For all ages.,92,59,3.5
16,Enpass extension for Microsoft Edge,productivity,Rating Board ESRB. Rated For all ages.,47,27,4.0
17,Loco music player delight,music,Rating Board ESRB. Rated For all ages.,102,62,4.5
18,Picture Quotes Creator,photo/video,Rating Board ESRB. Rated For all ages.,961,490,4.0
19,Sequencer,music, Potential violation,548,114,3.5
20,JsonEditor,utilities/tools,Rating Board ESRB. Rated For all ages.,28,4,4.5
21,Parma Video Player,photo/video,Rating Board ESRB. Rated For all ages.,2549,1125,4.5
22,Online IP Cameras PRO,entertainment,Rating Board ESRB. Rated For all ages.,5,3,4.5
23,Mobile Document Scanner Free,productivity, Potential violation,335,125,3.5
24,Microsoft Bing Dictionary (Chinese-English),education,Rating Board ESRB. Rated For all ages.,712,271,4.5
25,Hip-Hop Pad,music,Rating Board ESRB. Rated For all ages.,17,7,4.0
26,Advance Password Manager,productivity,Rating Board ESRB. Rated For all ages.,28,17,3.0
28,Nextpad,business,Rating Board ESRB. Rated For all ages.,106,62,4.0
30,Movie Maker & Video Editor : Slideshow Maker Pro,photo/video,Rating Board ESRB. Rated For all ages.,465,125,4.5
31,Anki Universal,education,Rating Board ESRB. Rated For all ages.,95,72,4.0
32,Inkodo,productivity,Rating Board ESRB. Rated For all ages.,216,127,4.5
33,The Weather Network,news/weather,Rating Board ESRB. Rated For all ages.,796,370,3.5
34,Python Programs,education, Potential violation,60,16,4.0
35,Twilight by Chad Copeland,personalization,Rating Board ESRB. Rated For all ages.,21,10,5.0
36,Move Mouse,productivity,Rating Board ESRB. Rated For all ages.,35,25,4.5
37,Colors of India,personalization,Rating Board ESRB. Rated For all ages.,24,10,5.0
39,Pin Steam,personalization,Rating Board ESRB. Rated For all ages.,625,304,4.0
40,MeeDJ,music,Rating Board ESRB. Rated For all ages.,2176,1373,4.5
41,PDP Control Hub,entertainment,Rating Board ESRB. Rated For all ages.,28,19,3.0
43,EGGER Konstruktionskatalog,business,Rating Board ESRB. Rated For all ages.,5,2,3.5
44,Blur Bokeh Background,photo/video,Rating Board ESRB. Rated For all ages.,367,170,3.5
45,Mardi Gras Masks,personalization,Rating Board ESRB. Rated For all ages.,28,9,5.0
46,Colorist,entertainment,Rating Board ESRB. Rated For all ages.,72,42,4.0
47,SendFreeSMS,social, Potential violation,378,38,3.5
49,Slacker Radio,music,Rating Board ESRB. Rated For ages 13 and up.,2538,767,3.5
51,Hyper Player for YouTube,music,Rating Board ESRB. Rated For all ages.,2899,1370,4.5
52,WinTube for YouTube,entertainment,Rating Board ESRB. Rated For ages 13 and up.,10454,2839,4.5
53,dataplicity,productivity,Rating Board ESRB. Rated For all ages.,19,13,4.0
54,OpenInPrivate,utilities/tools,Rating Board ESRB. Rated For all ages.,21,13,4.0
55,Effects Videos - Filters for Videos,entertainment,Rating Board ESRB. Rated For all ages.,571,228,3.5
56,Snap Face For Snapchat-Filters & Emoji Dog Face,entertainment,Rating Board ESRB. Rated For all ages.,130,65,4.0
57,Aphalina Designer,productivity,Rating Board ESRB. Rated For all ages.,74,54,3.5
58,Windows Central,news/weather,Rating Board ESRB. Rated For all ages.,1044,689,4.0
59,MyNotes10,productivity,Rating Board ESRB. Rated For all ages.,137,83,3.5
60,Flvto Radio - Live FM Stations and Online Radios,music,Rating Board ESRB. Rated For ages 13 and up.,579,214,4.5
61,Migration,personalization,Rating Board ESRB. Rated For all ages.,14,4,4.5
62,Easy Player,photo/video,Rating Board ESRB. Rated For all ages.,519,291,3.0
63,Sense Clock,news/weather,Rating Board ESRB. Rated For all ages.,95,73,3.5
64,Sound Effects - 2000+ Free Effects,productivity,Rating Board ESRB. Rated For all ages.,59,13,3.5
65,ROG Aura Core,utilities/tools,Rating Board ESRB. Rated For all ages.,54,39,2.5
66,Community Showcase Fauna,personalization,Rating Board ESRB. Rated For all ages.,8,3,5.0
68,English (United States) Local Experience Pack,personalization,Rating Board ESRB. Rated For all ages.,31,10,3.5
70,Search in it All free,productivity,Rating Board ESRB. Rated For all ages.,55,11,4.0
73,Notepad 8 - FREE Software!,utilities/tools, Potential violation,852,390,3.5
74,NetTV Plus,entertainment,Rating Board ESRB. Rated For ages 10 and up.,30,16,3.5
75,Open Course,education,Rating Board ESRB. Rated For all ages.,66,22,4.5
76,My MP3 Converter,music,Rating Board ESRB. Rated For all ages.,314,207,4.0
77,Karaoke SingLikeAStar,music,Rating Board ESRB. Rated For all ages.,21,6,3.5
78,BlendMix - Photo Blend,photo/video,Rating Board ESRB. Rated For all ages.,141,63,3.5
80,Forgotten Relics,personalization,Rating Board ESRB. Rated For all ages.,18,9,4.5
81,OLV Photography - Desert,personalization,Rating Board ESRB. Rated For all ages.,8,4,5.0
82,Gill Sans Nova,personalization,Rating Board ESRB. Rated For all ages.,7,1,5.0
83,Police Radio Scanner,news/weather,Rating Board ESRB. Rated For all ages.,2129,853,4.0
85,Poster Maker & Flyer Maker,photo/video,Rating Board ESRB. Rated For all ages.,58,25,2.5
86,Bing in Brazil,personalization,Rating Board ESRB. Rated For all ages.,15,4,4.0
87,call.center,business,Rating Board ESRB. Rated For ages 13 and up.,68,40,3.5
88,Community Showcase Aqua 3,personalization,Rating Board ESRB. Rated For all ages.,22,7,4.5
89,Convection,personalization,Rating Board ESRB. Rated For all ages.,7,2,5.0
90,Zagreb Nights by Tibor Rogulja,personalization,Rating Board ESRB. Rated For all ages.,17,8,4.0
92,Digital Diary,utilities/tools,Rating Board ESRB. Rated For all ages.,504,194,3.5
93,mSecure - Password Manager and Digital Wallet,productivity,Rating Board ESRB. Rated For all ages.,140,117,3.0
95,Pixel Art - Color by Number Pages,entertainment,Rating Board ESRB. Rated For all ages.,91,55,3.5
96,Mount Rainier by Christopher D Elliott,personalization,Rating Board ESRB. Rated For all ages.,12,2,5.0
97,Win Note,utilities/tools,Rating Board ESRB. Rated For all ages.,78,41,4.5
98,Magic Landscapes by Michael Breitung,personalization,Rating Board ESRB. Rated For all ages.,47,28,4.0
100,Flow Mail,productivity,Rating Board ESRB. Rated For all ages.,106,72,3.5
101,Macro World of Rocks by David Sommers,personalization,Rating Board ESRB. Rated For all ages.,13,5,4.5
102,Ethical Hacking Resources,education, Potential violation,60,12,4.0
103,WebCam on Top,photo/video,Rating Board ESRB. Rated For all ages.,19,12,3.5
104,Wi-Fi Transfer,utilities/tools,Rating Board ESRB. Rated For all ages.,58,37,3.0
105,Spectacular Skies by Marco Müller,personalization,Rating Board ESRB. Rated For all ages.,17,7,4.5
106,Creatures Up Close by Grace Eggleston,personalization,Rating Board ESRB. Rated For all ages.,15,5,4.5
107,Audio Toolkit,utilities/tools,Rating Board ESRB. Rated For all ages.,139,57,4.0
108,DOC Viewer Free,utilities/tools,Rating Board ESRB. Rated For all ages.,323,168,2.5
109,Bluetooth LE Lab,utilities/tools,Rating Board ESRB. Rated For all ages.,8,3,4.0
110,Color Scheme,productivity,Rating Board ESRB. Rated For all ages.,220,127,4.5
111,Universal Video Downloader UVD,entertainment,Rating Board ESRB. Rated For all ages.,37,25,3.5
112,Match™ Dating - Meet Singles,social, Potential violation,29,18,3.5
113,4K / HD Free Wallpapers,entertainment,Rating Board ESRB. Rated For ages 13 and up.,64,21,4.0
114,Mobile Phone Repairing Course,education,Rating Board ESRB. Rated For all ages.,413,170,4.0
115,Music Cloud 10,music,Rating Board ESRB. Rated For ages 13 and up.,3568,1540,4.0
116,HD Video-Player,entertainment, Potential violation,278,58,3.5
117,Nahimic,entertainment,Rating Board ESRB. Rated For all ages.,20,10,3.5
118,Video Downloader for Netflix,entertainment,Rating Board ESRB. Rated For all ages.,43,26,3.0
119,Sticky Notes HD,productivity, Potential violation,146,60,3.0
120,Nimbus Screen Capture,productivity,Rating Board ESRB. Rated For all ages.,12,7,3.0
122,BlueSky Browser,utilities/tools,Rating Board ESRB. Rated For all ages.,905,418,4.5
123,Musicloud,music,Rating Board ESRB. Rated For all ages.,40,19,4.0
124,All in One Dating,social,Rating Board ESRB. Rated For ages 17 and up.,47,17,4.0
125,My Asana App,productivity, Potential violation,67,49,3.0
127,GMessenger Free,social,Rating Board ESRB. Rated For all ages.,245,123,4.0
128,InPixio Photo Editor,photo/video,Rating Board ESRB. Rated For all ages.,38,27,3.5
129,Perfect Tube,entertainment,Rating Board ESRB. Rated For all ages.,7846,4066,4.5
130,Math Flashcards Grade 1,education,Rating Board ESRB. Rated For all ages.,103,33,4.5
132,PDF Converter Bot,productivity,Rating Board ESRB. Rated For all ages.,660,284,4.5
134,Nimbus Note Web,productivity,Rating Board ESRB. Rated For all ages.,218,120,4.5
135,Live Event Sound & Music Panel,music,Rating Board ESRB. Rated For all ages.,46,24,4.0
136,Piano 3D,entertainment,Rating Board ESRB. Rated For all ages.,2976,1371,4.0
137,iStudiez Pro,education,Rating Board ESRB. Rated For all ages.,6,6,5.0
138,Verified First Background Screening,business,Rating Board ESRB. Rated For all ages.,10,1,4.0
139,Cheng Ling - Taiwan Culture Sketches,personalization,Rating Board ESRB. Rated For all ages.,23,9,4.5
143,Ishtar Commander for Destiny,entertainment,Rating Board ESRB. Rated For all ages.,40,27,5.0
144,Newsflow,news/weather,Rating Board ESRB. Rated For ages 10 and up.,509,305,4.5
145,Electric Loop Pads,music,Rating Board ESRB. Rated For all ages.,593,271,3.5
146,Check Point Capsule VPN,utilities/tools,Rating Board ESRB. Rated For all ages.,214,117,3.5
147,Photo Editor-Photo Studio,photo/video,Rating Board ESRB. Rated For all ages.,394,170,3.5
148,Read&Write for Microsoft Edge™,education,Rating Board ESRB. Rated For all ages.,48,28,4.0
149,Piano Plus+,music,Rating Board ESRB. Rated For all ages.,5,1,4.5
150,The Adventures of Ninja Cat Beyond,personalization,Rating Board ESRB. Rated For all ages.,58,21,5.0
152,Codecademy,education,Rating Board ESRB. Rated For all ages.,8,4,3.0
153,NowSmart Sound Recorder,utilities/tools,Rating Board ESRB. Rated For all ages.,25,20,4.0
154,"B812 Photo Editor:Snap Stickers,Photo Edtior Lab & Photo Grid Photo Collage Maker",photo/video,Rating Board ESRB. Rated For all ages.,415,139,4.0
155,Waterscapes by Mark Nelson,personalization,Rating Board ESRB. Rated For all ages.,32,10,4.5
156,Remotr,entertainment,Rating Board ESRB. Rated For all ages.,206,106,4.0
157,Community Showcase Aqua 2,personalization,Rating Board ESRB. Rated For all ages.,14,4,4.0
158,Best HD Wallpapers and Backgrounds for PC,productivity,Rating Board ESRB. Rated For all ages.,138,45,4.0
159,Daydream,personalization,Rating Board ESRB. Rated For all ages.,9,2,5.0
160,CnX Player – Powerful Ultra HD 4K Video Player,photo/video,Rating Board ESRB. Rated For all ages.,124,87,4.0
161,Batman Cartoons,entertainment,Rating Board ESRB. Rated For ages 13 and up.,128,36,4.0
162,Audio Recorder,utilities/tools,Rating Board ESRB. Rated For all ages.,257,88,3.0
163,Community Showcase Everyday Art 2,personalization,Rating Board ESRB. Rated For all ages.,8,1,5.0
164,Shapes of Leaves,personalization,Rating Board ESRB. Rated For all ages.,24,3,4.5
167,XLS Viewer Free,utilities/tools,Rating Board ESRB. Rated For all ages.,330,142,3.0
168,"Sweet Candy - Selfie, Sticker",photo/video,Rating Board ESRB. Rated For all ages.,153,56,4.5
169,Video To Gif Maker,photo/video,Rating Board ESRB. Rated For all ages.,390,148,4.0
170,Community Showcase Aqua 4,personalization,Rating Board ESRB. Rated For all ages.,4,1,5.0
171,Slideshow Music Video Maker - Photo Video Slideshow,photo/video,Rating Board ESRB. Rated For all ages.,97,32,3.5
172,Prism Media Editor,photo/video,Rating Board ESRB. Rated For all ages.,83,59,3.0
174,"Video to Mp3 Converter, MP3 Video Converter",photo/video,Rating Board ESRB. Rated For all ages.,65,12,4.0
176,Turbo Download Manager PC/Tablet,utilities/tools,Rating Board ESRB. Rated For all ages.,75,31,4.0
177,Textifier,photo/video,Rating Board ESRB. Rated For all ages.,215,144,3.5
178,Learn ABCD for Kids Free,education,Rating Board ESRB. Rated For all ages.,1675,418,4.5
179,Multi Version Bible,social,Rating Board ESRB. Rated For all ages.,313,160,3.0
180,Splash! - Unsplash Wallpaper,personalization,Rating Board ESRB. Rated For ages 13 and up.,98,47,4.5
181,Czech Autumn,personalization,Rating Board ESRB. Rated For all ages.,13,7,4.5
182,U-Tube Downloader,music,Rating Board ESRB. Rated For all ages.,11,5,3.5
183,Bing in Winter,personalization,Rating Board ESRB. Rated For all ages.,53,33,4.5
184,Community Showcase Everyday Art,personalization,Rating Board ESRB. Rated For all ages.,14,4,5.0
185,MP3 Player - Music Player Audio Player,music,Rating Board ESRB. Rated For all ages.,27,16,3.5
187,Text On Photos,photo/video,Rating Board ESRB. Rated For ages 13 and up.,614,343,4.0
188,"Any Video Converter,Video To Mp3,Total Video Converter",photo/video,Rating Board ESRB. Rated For all ages.,11,4,3.5
189,PdfToJpg,productivity,Rating Board ESRB. Rated For all ages.,29,20,4.5
192,Virtual Piano,music,Rating Board ESRB. Rated For all ages.,994,426,4.0
193,Bigo Live UWP,entertainment,Rating Board ESRB. Rated For ages 13 and up.,33,11,4.5
194,Torrent Search PRO,productivity,Rating Board ESRB. Rated For all ages.,156,50,4.0
195,Focus 10,productivity,Rating Board ESRB. Rated For all ages.,190,133,4.5
196,Community Showcase Fauna 3,personalization,Rating Board ESRB. Rated For all ages.,12,4,4.5
197,Alarm Clock HD +,productivity,Rating Board ESRB. Rated For all ages.,426,166,4.5
198,Community Showcase Everyday Art 3,personalization,Rating Board ESRB. Rated For all ages.,19,7,5.0
199,Photo Booth Pro,photo/video,Rating Board ESRB. Rated For all ages.,687,155,3.5
200,Study Planner,education, Potential violation,55,15,3.5
201,Add Audio With Video,utilities/tools,Rating Board ESRB. Rated For all ages.,225,84,4.0
202,BeatMaker,music, Potential violation,119,26,2.0
203,Bing in Africa,personalization,Rating Board ESRB. Rated For all ages.,7,3,5.0
204,Nasa Astronomy Picture of the Day,photo/video,Rating Board ESRB. Rated For all ages.,323,86,4.5
206,Photo editor for windows 10,photo/video,Rating Board ESRB. Rated For all ages.,2,1,3.0
207,Sidekick Private Browser,utilities/tools,Rating Board ESRB. Rated For all ages.,1241,633,4.0
208,Hearts in Nature,personalization,Rating Board ESRB. Rated For all ages.,24,8,4.5
209,The Adventures of Ninja Cat,personalization,Rating Board ESRB. Rated For all ages.,92,45,5.0
210,The New York Times Crossword,entertainment,Rating Board ESRB. Rated For all ages.,396,221,3.0
211,Company Portal,business,Rating Board ESRB. Rated For all ages.,397,122,3.0
212,One Task,productivity,Rating Board ESRB. Rated For all ages.,297,210,4.0
213,myHomework,education,Rating Board ESRB. Rated For all ages.,1578,511,3.5
214,Best Wallpapers 2018,utilities/tools,Rating Board ESRB. Rated For all ages.,528,42,4.5
215,Media Locker:Hide Pictures & Videos,productivity,Rating Board ESRB. Rated For all ages.,997,405,3.5
216,Verdana Pro,personalization,Rating Board ESRB. Rated For all ages.,10,4,4.5
218,Stop Motion Studio,photo/video,Rating Board ESRB. Rated For all ages.,1535,985,3.5
219,Classic Flix,entertainment,Rating Board ESRB. Rated For ages 13 and up.,921,410,4.5
220,Try a Little Tenderness,personalization,Rating Board ESRB. Rated For all ages.,49,24,4.5
222,CBS Local,news/weather,Rating Board ESRB. Rated For ages 10 and up.,388,225,3.0
223,Kauna,music,Rating Board ESRB. Rated For all ages.,294,190,4.5
224,MyTwitch,entertainment,Rating Board ESRB. Rated For ages 13 and up.,1879,721,4.5
225,Blue Browser,productivity,Rating Board ESRB. Rated For all ages.,49,7,4.5
226,Video To MP3 Converter Pro,photo/video,Rating Board ESRB. Rated For all ages.,600,299,4.0
227,Text Messages,entertainment,Rating Board ESRB. Rated For all ages.,72,26,3.0
228,NPR One,news/weather,Rating Board ESRB. Rated For ages 13 and up.,1060,657,4.0
229,London Architecture by Imran Mirza,personalization,Rating Board ESRB. Rated For all ages.,18,7,4.5
230,Practical Photoshop,photo/video, Potential violation,72,23,2.5
231,Land Down Under By Chad Copeland,personalization,Rating Board ESRB. Rated For all ages.,12,4,5.0
232,Typing Speed Test,utilities/tools, Potential violation,71,31,3.0
233,Download Manager Kit,utilities/tools,Rating Board ESRB. Rated For all ages.,113,44,4.0
234,To Do List Pro,productivity,Rating Board ESRB. Rated For all ages.,3,2,3.0
235,Ghost Town by Tracy Hymas,personalization,Rating Board ESRB. Rated For all ages.,14,6,5.0
237,PaperStreet Journal,productivity,Rating Board ESRB. Rated For all ages.,69,58,4.0
238,Font Candy - Typography Photo Editor,photo/video,Rating Board ESRB. Rated For all ages.,3848,2062,4.5
240,Zoom for Microsoft Edge,utilities/tools,Rating Board ESRB. Rated For all ages.,41,26,3.0
241,Free Virtual Keyboard,productivity,Rating Board ESRB. Rated For all ages.,43,17,4.5
242,SpotBright — Windows Wallpaper,personalization,Rating Board ESRB. Rated For all ages.,712,381,4.0
243,Boomerang for Gmail,productivity,Rating Board ESRB. Rated For all ages.,11,8,4.0
244,Bigo Live - Watch Bigo Live for free,entertainment,Rating Board ESRB. Rated For ages 13 and up.,232,30,4.0
245,Blend Collage Photo Editor,photo/video,Rating Board ESRB. Rated For all ages.,2526,1219,3.5
246,Windows Configuration Designer,utilities/tools,Rating Board ESRB. Rated For all ages.,20,8,4.5
247,Paint 3D Creatures,personalization,Rating Board ESRB. Rated For all ages.,47,28,4.5
248,Mickey Mouse Free Cartoons,entertainment,Rating Board ESRB. Rated For all ages.,61,11,4.5
249,Fantastic Flowers by Chris Chung,personalization,Rating Board ESRB. Rated For all ages.,8,3,5.0
250,Sundial - Sunset by Tabor Robak,personalization,Rating Board ESRB. Rated For all ages.,3,2,5.0
251,Fotor,photo/video, Potential violation,4036,822,4.0
252,Public Domain Movies - Watch for Free,entertainment,Rating Board ESRB. Rated For ages 13 and up.,131,30,2.5
253,Microsoft Remote Desktop Preview,productivity,Rating Board ESRB. Rated For all ages.,410,299,3.5
254,The Wonderful Moment,personalization,Rating Board ESRB. Rated For all ages.,25,6,5.0
255,CollageBeauty : Photo Collage & Poster Photo Frames,photo/video,Rating Board ESRB. Rated For all ages.,2800,814,4.5
256,Kindergarten Kids Learning,education,Rating Board ESRB. Rated For all ages.,1618,599,4.0
257,Voxel - 3D Coloring by Numbers,entertainment,Rating Board ESRB. Rated For all ages.,168,42,4.5
258,Pretty in Pink,personalization,Rating Board ESRB. Rated For all ages.,16,7,4.5
259,S Note,productivity,Rating Board ESRB. Rated For all ages.,441,154,3.0
260,Add Music To Videos,photo/video,Rating Board ESRB. Rated For all ages.,1196,641,4.0
261,Zip Opener,utilities/tools,Rating Board ESRB. Rated For all ages.,3079,1305,4.0
262,Mp3 Cutter,music, Potential violation,550,261,2.5
263,Kids Toddler Learning Games,education,Rating Board ESRB. Rated For all ages.,3043,1251,4.0
264,Talk to Someone,social,Rating Board ESRB. Rated For ages 17 and up.,5900,3103,4.0
265,Touring Spain,personalization,Rating Board ESRB. Rated For all ages.,29,10,5.0
266,Microsoft Sticky Notes,utilities/tools,Rating Board ESRB. Rated For all ages.,23739,8773,4.5
267,WorkingHours — Time Tracking / Timesheet,productivity,Rating Board ESRB. Rated For all ages.,256,140,4.5
268,Photo Edito Pro - PIP Camera Effects,photo/video,Rating Board ESRB. Rated For all ages.,580,229,4.0
269,Wi-Fi HotSpot Pro,productivity, Potential violation,1502,345,3.5
270,Nest Manager,utilities/tools,Rating Board ESRB. Rated For all ages.,321,260,3.0
271,CLOCK',utilities/tools,Rating Board ESRB. Rated For all ages.,5787,2299,4.5
272,Coloring Book for Mandala - Adults Coloring Book,photo/video,Rating Board ESRB. Rated For all ages.,37,10,4.0
273,NYCityscapes by Johnny W Lam,personalization,Rating Board ESRB. Rated For all ages.,17,6,4.5
274,Community Showcase Rural Landscapes,personalization,Rating Board ESRB. Rated For all ages.,10,2,4.5
275,Video Player!,photo/video,Rating Board ESRB. Rated For all ages.,332,174,3.5
276,"Relaxing Coloring Book - Color in Faces, Birds, Food, Pets & More For Stress Reduction",entertainment,Rating Board ESRB. Rated For all ages.,45,24,3.0
277,Focus To-Do: Focus Timer & Task Manager,productivity,Rating Board ESRB. Rated For all ages.,37,25,3.5
278,Wallpapers 4K,personalization,Rating Board ESRB. Rated For ages 13 and up.,5,2,4.5
279,Text Swag - Font Studio,photo/video,Rating Board ESRB. Rated For all ages.,987,524,4.0
282,Dragon Ball Z Anime - Free Cartoons,entertainment,Rating Board ESRB. Rated For ages 13 and up.,557,185,4.0
283,Ultra Image Viewer,photo/video,Rating Board ESRB. Rated For all ages.,36,7,4.5
284,Movie World,entertainment,Rating Board ESRB. Rated For all ages.,122,38,3.5
285,G Drive for Windows (Alpha),productivity,Rating Board ESRB. Rated For all ages.,41,19,4.0
286,Snipaste,productivity,Rating Board ESRB. Rated For all ages.,83,47,4.5
287,Pink Panther Cartoons,entertainment,Rating Board ESRB. Rated For all ages.,39,9,4.5
288,AV Cast,music,Rating Board ESRB. Rated For all ages.,393,182,2.0
289,Associated Press,news/weather, Potential violation,2072,1116,4.0
290,Photo Splash Editor,photo/video,Rating Board ESRB. Rated For all ages.,1287,623,4.0
291,Unigram - A Telegram universal experience,social,Rating Board ESRB. Rated For ages 13 and up.,878,528,4.5
292,Pixel Photo Editor,photo/video,Rating Board ESRB. Rated For all ages.,300,149,4.0
293,Lovable Pugs,personalization,Rating Board ESRB. Rated For all ages.,38,13,5.0
294,DuckTales Cartoons,entertainment,Rating Board ESRB. Rated For all ages.,92,29,4.0
295,OLV Photography - Ocean,personalization,Rating Board ESRB. Rated For all ages.,8,4,5.0
296,Explorer for G-Drive Free,utilities/tools,Rating Board ESRB. Rated For all ages.,182,74,4.0
297,"Fused : Double Exposure, Video and Photo Blender",photo/video,Rating Board ESRB. Rated For all ages.,8439,3613,4.5
298,Creative Cards,education,Rating Board ESRB. Rated For all ages.,156,83,4.5
299,Web Media Extensions,utilities/tools,Rating Board ESRB. Rated For all ages.,129,57,4.0
300,Moleskine Notes,productivity,Rating Board ESRB. Rated For all ages.,7,4,4.5
301,Free Nature Wallpapers,personalization,Rating Board ESRB. Rated For ages 13 and up.,98,50,4.5
302,Magic Landscapes 2 by Michael Breitung,personalization,Rating Board ESRB. Rated For all ages.,16,9,5.0
303,Calligraphy Name,photo/video,Rating Board ESRB. Rated For all ages.,210,60,4.0
304,Convert Text to Speech,productivity,Rating Board ESRB. Rated For all ages.,115,73,4.0
305,My Piano Phone,entertainment,Rating Board ESRB. Rated For all ages.,15917,8275,5.0
306,"Background Eraser, Cut Paste Photo - Photo Scissor",photo/video,Rating Board ESRB. Rated For all ages.,31,8,3.0
307,Hulu VR,entertainment,Rating Board ESRB. Rated For ages 13 and up.,31,25,2.5
308,Photo Editor-,photo/video,Rating Board ESRB. Rated For all ages.,36,3,4.0
309,Illusions by Josh Sommers,personalization,Rating Board ESRB. Rated For all ages.,17,6,4.5
310,Soundtrap,music,Rating Board ESRB. Rated For all ages.,80,58,3.0
312,DirectX Extensions Viewer,utilities/tools,Rating Board ESRB. Rated For all ages.,100,16,3.5
313,"All Messenger : Social,Mails,Drives",social,Rating Board ESRB. Rated For ages 13 and up.,132,22,4.0
314,Explore PowerPoint,business,Rating Board ESRB. Rated For all ages.,161,53,4.0
315,Feem v4 - Share Files Offline,utilities/tools,Rating Board ESRB. Rated For all ages.,65,30,4.5
316,WiseFax,business,Rating Board ESRB. Rated For all ages.,10,7,4.5
317,Sri Lanka by Suranga Weeratunga,personalization,Rating Board ESRB. Rated For all ages.,50,15,5.0
318,Dell Mobile Connect,productivity,Rating Board ESRB. Rated For all ages.,28,18,3.5
319,The Flintstones - Cartoons for Kids,entertainment,Rating Board ESRB. Rated For all ages.,40,11,4.0
321,Scenes from Yosemite by Ingo Scholtes,personalization,Rating Board ESRB. Rated For all ages.,21,10,5.0
323,Link Sharing,productivity,Rating Board ESRB. Rated For all ages.,44,31,2.5
324,Mouse Gestures,productivity,Rating Board ESRB. Rated For all ages.,190,113,4.0
325,AMC Theatres,entertainment, Potential violation,1305,902,3.0
326,Glorious Blue,personalization,Rating Board ESRB. Rated For all ages.,26,6,5.0
327,Meme-Generator,entertainment,Rating Board ESRB. Rated For ages 13 and up.,4178,1747,4.5
328,ALLPlayer,photo/video,Rating Board ESRB. Rated For ages 13 and up.,39,29,3.0
329,Cartoons Unlimited Pro,entertainment,Rating Board ESRB. Rated For all ages.,2026,452,4.5
330,7Z Opener,utilities/tools,Rating Board ESRB. Rated For all ages.,2173,888,4.0
331,Newton Mail,productivity,Rating Board ESRB. Rated For all ages.,189,142,4.0
332,Indian Wildlife by Mayur Kotlikar,personalization,Rating Board ESRB. Rated For all ages.,26,10,4.5
334,Ultra Wide Video,productivity,Rating Board ESRB. Rated For all ages.,17,9,5.0
335,Voice Over & Recorder,photo/video,Rating Board ESRB. Rated For all ages.,27,18,3.5
337,Napster,music,Rating Board ESRB. Rated For ages 13 and up.,1845,965,4.0
338,Natural Grace by Brian Lai,personalization,Rating Board ESRB. Rated For all ages.,6,2,5.0
339,FluidMath,education,Rating Board ESRB. Rated For all ages.,85,45,3.5
340,Purple World,personalization,Rating Board ESRB. Rated For all ages.,49,28,5.0
341,Spider-Man Cartoons,entertainment,Rating Board ESRB. Rated For all ages.,163,54,4.0
342,Global TV 10,entertainment,Rating Board ESRB. Rated For all ages.,1243,440,4.0
343,Likegram for Instagram,social,Rating Board ESRB. Rated For ages 13 and up.,56,41,4.0
344,Explore Brazil,personalization,Rating Board ESRB. Rated For all ages.,8,3,5.0
345,Community Showcase Cityscapes,personalization,Rating Board ESRB. Rated For all ages.,19,5,4.5
346,10 Player,photo/video,Rating Board ESRB. Rated For all ages.,485,298,3.5
348,Botanical Garden by Chris Chung,personalization,Rating Board ESRB. Rated For all ages.,11,3,5.0
349,Gmail Search For Cortana,productivity,Rating Board ESRB. Rated For all ages.,42,14,4.0
350,NoteLedge - Digital Notebook,productivity,Rating Board ESRB. Rated For all ages.,52,30,4.0
352,Video compressor & Trimmer,photo/video,Rating Board ESRB. Rated For all ages.,103,61,4.0
353,Arial Nova,personalization,Rating Board ESRB. Rated For all ages.,28,9,4.5
354,ABC News,news/weather, Potential violation,922,338,3.0
355,SuperPhoto Free,photo/video,Rating Board ESRB. Rated For all ages.,4476,1809,4.0
356,26Creative,personalization,Rating Board ESRB. Rated For all ages.,18,6,4.5
357,World Clock - Time Zones,productivity,Rating Board ESRB. Rated For all ages.,376,131,3.5
359,Beauty of Hong Kong by Wilson Au,personalization,Rating Board ESRB. Rated For all ages.,15,4,3.5
360,Pumpkin Season,personalization,Rating Board ESRB. Rated For all ages.,29,22,5.0
361,MP4/MP3 - Downloader,entertainment,Rating Board ESRB. Rated For ages 13 and up.,1343,451,4.5
362,MeisterTask,productivity,Rating Board ESRB. Rated For all ages.,18,10,4.5
363,Nature by Mike Swanson,personalization,Rating Board ESRB. Rated For all ages.,26,13,5.0
364,Harvest Time Tracker,business,Rating Board ESRB. Rated For all ages.,14,13,3.5
365,lynda.com,education,Rating Board ESRB. Rated For all ages.,516,253,3.5
366,Nano Adblocker,productivity,Rating Board ESRB. Rated For all ages.,28,16,4.5
367,Word Cookies - A Word Puzzle,education,Rating Board ESRB. Rated For all ages.,828,369,4.0
368,"Plumbago, a Microsoft Garage Project",productivity,Rating Board ESRB. Rated For all ages.,258,193,4.0
369,Master File Locker,utilities/tools,Rating Board ESRB. Rated For all ages.,90,45,4.0
370,Google Scholar Button,education,Rating Board ESRB. Rated For all ages.,12,6,5.0
372,Music Player - MP3 Audio Player,music,Rating Board ESRB. Rated For all ages.,29,13,3.5
373,German Landscapes by Mathias Rehberg,personalization,Rating Board ESRB. Rated For all ages.,24,9,4.0
374,Winter Garden by Hayley Elizabeth,personalization,Rating Board ESRB. Rated For all ages.,25,16,4.0
375,Display Brightness Control,utilities/tools,Rating Board ESRB. Rated For all ages.,40,25,2.0
376,WatchFreeFlix,entertainment,Rating Board ESRB. Rated For ages 13 and up.,13,9,3.5
377,Seagate Media,music, Potential violation,1506,597,3.0
379,Duplicate Cleaner Master,utilities/tools,Rating Board ESRB. Rated For all ages.,433,148,4.0
380,Pixel Art - Sandbox Number Coloring Book - Color by Number,entertainment,Rating Board ESRB. Rated For all ages.,317,164,4.0
381,Free Beach Wallpapers,personalization,Rating Board ESRB. Rated For ages 13 and up.,42,18,4.5
382,ReadAloud,productivity,Rating Board ESRB. Rated For all ages.,1197,757,4.0
383,Surreal Territory by Chuck Anderson,personalization,Rating Board ESRB. Rated For all ages.,25,13,5.0
384,Sketch Me!,photo/video,Rating Board ESRB. Rated For all ages.,834,357,4.0
385,Spectrum - Music Visualizer,music,Rating Board ESRB. Rated For all ages.,16,9,2.5
386,WD,utilities/tools, Potential violation,1502,351,2.5
387,BetterTTV,productivity,Rating Board ESRB. Rated For all ages.,26,16,4.5
388,PowerApps,productivity,Rating Board ESRB. Rated For all ages.,272,121,3.5
389,DSLR Camera Photo Effect,photo/video,Rating Board ESRB. Rated For all ages.,248,96,3.5
390,"Video To Mp3 Converter,Video Trimmer",photo/video,Rating Board ESRB. Rated For all ages.,1377,473,4.5
391,USA TODAY,news/weather,Rating Board ESRB. Rated For ages 10 and up.,2381,950,3.5
392,Macro Flowers,personalization,Rating Board ESRB. Rated For all ages.,26,5,5.0
393,Community Showcase Natural Landscapes 3,personalization,Rating Board ESRB. Rated For all ages.,14,2,4.5
394,360 Viewer,entertainment,Rating Board ESRB. Rated For all ages.,77,23,4.0
395,Cats Anytime,personalization,Rating Board ESRB. Rated For all ages.,30,14,5.0
396,Sailing Away,personalization,Rating Board ESRB. Rated For all ages.,16,3,5.0
397,Desk chat,social,Rating Board ESRB. Rated For ages 13 and up.,178,98,4.5
400,www Browser!,productivity,Rating Board ESRB. Rated For all ages.,167,22,4.0
401,Aucklands One Tree Hill by Ian Rushton,personalization,Rating Board ESRB. Rated For all ages.,25,9,4.5
403,"Background Eraser, PhotoLayers - Superimpose",photo/video,Rating Board ESRB. Rated For all ages.,12,5,2.5
404,Free Invoice Generator,business,Rating Board ESRB. Rated For all ages.,1385,954,4.5
405,Light and Dark by Nick Boyer,personalization,Rating Board ESRB. Rated For all ages.,18,5,4.5
406,Community Showcase Dramatic Skies 3,personalization,Rating Board ESRB. Rated For all ages.,13,6,4.0
407,Scenic Europe 2 by Ingo Scholtes,personalization,Rating Board ESRB. Rated For all ages.,16,8,4.5
408,Qr Code Bar Scanner,utilities/tools,Rating Board ESRB. Rated For all ages.,667,236,3.5
409,Radio 911 Police Scanner Radio,entertainment,Rating Board ESRB. Rated For all ages.,1288,668,4.5
410,Presentation Opener,productivity,Rating Board ESRB. Rated For all ages.,795,395,3.5
411,Ink Journal,personalization,Rating Board ESRB. Rated For all ages.,10,2,4.0
412,PlayTo TV,entertainment,Rating Board ESRB. Rated For all ages.,88,61,2.5
413,MyIPTV Player,entertainment,Rating Board ESRB. Rated For all ages.,114,49,4.0
416,Duplex Media Player,music,Rating Board ESRB. Rated For all ages.,509,291,4.0
417,Mexican Vacation,personalization,Rating Board ESRB. Rated For all ages.,15,2,5.0
419,Simple Video Trim & Merge,photo/video,Rating Board ESRB. Rated For all ages.,77,43,4.0
420,Pencil Sketch Master,photo/video,Rating Board ESRB. Rated For all ages.,969,451,3.5
421,English Dictionary - Offline,education,Rating Board ESRB. Rated For all ages.,22,6,4.5
422,Community Showcase Dramatic Skies 2,personalization,Rating Board ESRB. Rated For all ages.,17,4,5.0
423,Out on a Limb,personalization,Rating Board ESRB. Rated For all ages.,22,9,5.0
424,Mortal Kombat ~ Fatalities,entertainment,Rating Board ESRB. Rated For all ages.,29,14,4.5
425,Clipboarder,utilities/tools,Rating Board ESRB. Rated For all ages.,339,185,4.0
426,"Coloring Book for Mandala - Adult Color Diary, Kids Color Book & Coloring Expert",entertainment,Rating Board ESRB. Rated For all ages.,714,292,4.0
427,UCBrowser UWP,utilities/tools,Rating Board ESRB. Rated For all ages.,172,109,4.0
428,Beyond Sims,news/weather,Rating Board ESRB. Rated For ages 13 and up.,50,31,2.0
429,Simplenote,productivity,Rating Board ESRB. Rated For all ages.,28,16,4.5
430,Clipboard,utilities/tools,Rating Board ESRB. Rated For all ages.,210,95,3.0
431,File Hider (Secret Photos Videos Intelligent Calculator Locker & Hider),photo/video,Rating Board ESRB. Rated For all ages.,420,244,4.5
432,Winter Holiday Glow,personalization,Rating Board ESRB. Rated For all ages.,70,34,4.5
433,Universal Unzip,productivity,Rating Board ESRB. Rated For all ages.,12,9,3.0
434,City Island 2,entertainment,Rating Board ESRB. Rated For all ages.,7,4,3.0
435,Butterflies of Nagpur by Mayur Kotlikar,personalization,Rating Board ESRB. Rated For all ages.,18,3,4.5
436,WeChat UWP,social,Rating Board ESRB. Rated For ages 17 and up.,96,56,3.0
437,Polar Animals,personalization,Rating Board ESRB. Rated For all ages.,9,3,4.5
440,Live Sports and TV,entertainment,Rating Board ESRB. Rated For ages 13 and up.,968,398,4.0
441,Tik Tok,photo/video,Rating Board ESRB. Rated For all ages.,113,44,4.5
442,Simple Player for YouTube by Hyper,music,Rating Board ESRB. Rated For ages 13 and up.,59,14,4.0
443,Running Horses,personalization,Rating Board ESRB. Rated For all ages.,45,17,4.5
444,WordPad TextNote,productivity,Rating Board ESRB. Rated For all ages.,50,30,4.0
445,Turn Off the Lights for Microsoft Edge,utilities/tools,Rating Board ESRB. Rated For all ages.,288,158,4.0
446,Translator Metro,education,Rating Board ESRB. Rated For all ages.,23,8,4.5
447,Wifi Analyzer and Scanner,utilities/tools,Rating Board ESRB. Rated For all ages.,63,40,3.5
448,Movies Box,photo/video, Potential violation,1228,574,3.5
449,Photo Lab Photo Editor,photo/video,Rating Board ESRB. Rated For all ages.,1422,651,4.0
451,Fibonacci Sequence in Nature,personalization,Rating Board ESRB. Rated For all ages.,14,3,5.0
452,Repost per Instagram,social,Rating Board ESRB. Rated For ages 13 and up.,13,5,3.0
453,Mailtrack for Gmail & Inbox: Email tracking,productivity,Rating Board ESRB. Rated For all ages.,33,15,4.0
455,Maps,utilities/tools, Potential violation,5191,1215,3.5
456,Cats Everywhere,personalization,Rating Board ESRB. Rated For all ages.,36,15,4.5
457,Typing Lessons and Practices,education, Potential violation,131,45,3.0
458,Snap Photo Filters,photo/video,Rating Board ESRB. Rated For all ages.,166,47,4.0
459,UTorrent Remote UI,utilities/tools,Rating Board ESRB. Rated For all ages.,147,49,4.0
460,Stunning Cityscapes,personalization,Rating Board ESRB. Rated For all ages.,44,18,5.0
461,Light in Darkness,personalization,Rating Board ESRB. Rated For all ages.,55,22,4.5
462,Calligraphy,personalization,Rating Board ESRB. Rated For all ages.,29,11,4.5
463,Resize Image,photo/video,Rating Board ESRB. Rated For all ages.,41,33,3.5
464,"YuppTV - LiveTV, Catch-up, Movies",entertainment,Rating Board ESRB. Rated For ages 13 and up.,1866,677,4.0
465,Project Studio,productivity,Rating Board ESRB. Rated For all ages.,79,52,4.5
466,Photo + Music = Video,photo/video,Rating Board ESRB. Rated For all ages.,150,46,3.5
467,EasyNotes for Keep,productivity,Rating Board ESRB. Rated For all ages.,649,363,4.5
469,Perfect PDF Reader,productivity,Rating Board ESRB. Rated For all ages.,479,206,4.0
470,Fireworks on New Year's,personalization,Rating Board ESRB. Rated For all ages.,40,16,4.5
471,Network Speed Test Pro,utilities/tools,Rating Board ESRB. Rated For all ages.,1241,506,4.0
472,Community Showcase Flora,personalization,Rating Board ESRB. Rated For all ages.,27,16,5.0
473,File Downloader,utilities/tools,Rating Board ESRB. Rated For all ages.,2320,1311,4.0
474,CBS News,news/weather,Rating Board ESRB. Rated For ages 10 and up.,1329,883,4.0
475,Nitrado,entertainment,Rating Board ESRB. Rated For all ages.,154,105,2.5
476,Southwest Sandstone by Duncan Lawler,personalization,Rating Board ESRB. Rated For all ages.,17,6,5.0
478,IrfanView64,photo/video,Rating Board ESRB. Rated For all ages.,67,48,4.5
479,Text Reader,utilities/tools,Rating Board ESRB. Rated For all ages.,1275,589,3.5
480,Community Showcase Rural Landscapes 2,personalization,Rating Board ESRB. Rated For all ages.,12,3,4.5
481,Microsoft Math,education,Rating Board ESRB. Rated For all ages.,464,326,3.5
482,OMEN Command Center,utilities/tools,Rating Board ESRB. Rated For all ages.,32,18,3.5
483,Enpass Password Manager,productivity,Rating Board ESRB. Rated For all ages.,239,150,4.5
484,Hallmark Movies Now,entertainment,Rating Board ESRB. Rated For ages 13 and up.,35,23,3.5
485,Sketch Board,entertainment,Rating Board ESRB. Rated For all ages.,1422,828,4.0
486,PhotoFunia,photo/video,Rating Board ESRB. Rated For ages 13 and up.,23744,9935,4.5
487,foobar2000,music,Rating Board ESRB. Rated For all ages.,49,24,4.5
488,Color by Number for Adults,entertainment,Rating Board ESRB. Rated For all ages.,11,6,4.0
489,My Calendar,productivity,Rating Board ESRB. Rated For all ages.,1032,518,4.0
490,Doc Opener,productivity,Rating Board ESRB. Rated For all ages.,2677,1306,4.5
491,Collage Maker : Picture Collage,entertainment,Rating Board ESRB. Rated For all ages.,514,216,3.5
492,Reddit Enhancement Suite,productivity,Rating Board ESRB. Rated For all ages.,115,50,4.5
493,Tracing,entertainment,Rating Board ESRB. Rated For all ages.,98,73,3.5
494,Cloud Drive!,social,Rating Board ESRB. Rated For all ages.,256,123,4.0
495,TreeSize Free,utilities/tools,Rating Board ESRB. Rated For all ages.,46,29,4.5
496,Okta Secure Web Authentication Plug-in,productivity,Rating Board ESRB. Rated For all ages.,16,15,2.5
497,Animals in Autumn,personalization,Rating Board ESRB. Rated For all ages.,40,18,5.0
498,Austin Botanical Garden by Amy Alderman,personalization,Rating Board ESRB. Rated For all ages.,16,9,4.5
499,Coloring Book Draw Mandala,photo/video,Rating Board ESRB. Rated For all ages.,106,32,4.0
500,City Lights by Talha Tariq,personalization,Rating Board ESRB. Rated For all ages.,24,13,4.5
501,GetThemAll - Video Downlaoder,productivity,Rating Board ESRB. Rated For all ages.,94,61,3.5
502,Transitions DJ,music,Rating Board ESRB. Rated For all ages.,27,15,4.5
503,Chicks and Bunnies,personalization,Rating Board ESRB. Rated For all ages.,35,15,4.5
505,FXNOW,entertainment,Rating Board ESRB. Rated For ages 13 and up.,1153,672,2.0
506,ScreenPad Spotify,music,Rating Board ESRB. Rated For all ages.,14,6,4.0
507,Duplicate Cleaner Free,utilities/tools,Rating Board ESRB. Rated For all ages.,43,30,4.5
508,Scenic Europe 1 by Ingo Scholtes,personalization,Rating Board ESRB. Rated For all ages.,16,7,4.5
509,SnagFilms - Watch Free Movies and TV Shows,entertainment,Rating Board ESRB. Rated For ages 13 and up.,65,35,2.0
510,Screen Sketch,utilities/tools,Rating Board ESRB. Rated For all ages.,17,9,4.0
511,MuseScore 2,music,Rating Board ESRB. Rated For all ages.,49,24,4.5
512,Free music for YouTube: Stream Player,photo/video,Rating Board ESRB. Rated For all ages.,39,6,3.5
514,Overlays and Photo Blender,photo/video,Rating Board ESRB. Rated For all ages.,58,17,3.5
515,Pixel Art Studio,entertainment,Rating Board ESRB. Rated For all ages.,2586,1571,4.5
516,Community Showcase Dramatic Skies,personalization,Rating Board ESRB. Rated For all ages.,22,7,5.0
517,Birds of Many Feathers,personalization,Rating Board ESRB. Rated For all ages.,28,12,4.5
518,Mountain's Majesty,personalization,Rating Board ESRB. Rated For all ages.,32,14,4.5
519,Free SMS,productivity, Potential violation,180,63,2.5
520,Feedback Hub,utilities/tools,Rating Board ESRB. Rated For all ages.,541,360,3.0
522,Audio Converter Any Format,music,Rating Board ESRB. Rated For all ages.,4659,2384,3.5
524,Audio Modifier,entertainment,Rating Board ESRB. Rated For all ages.,55,36,4.0
525,ArcTrax,music,Rating Board ESRB. Rated For all ages.,14,6,3.5
526,Dazzling Stained Glass,personalization,Rating Board ESRB. Rated For all ages.,38,20,4.5
528,Popcornflix,entertainment,Rating Board ESRB. Rated For ages 13 and up.,378,159,3.5
529,GNews - Google News Reader,news/weather,Rating Board ESRB. Rated For all ages.,63,18,4.0
530,Bridging the Gap,personalization,Rating Board ESRB. Rated For all ages.,19,8,5.0
531,Send to Bluetooth,productivity,Rating Board ESRB. Rated For all ages.,23,13,3.0
532,Pocket Casts Desktop,music,Rating Board ESRB. Rated For ages 13 and up.,102,58,4.5
533,HDHomeRun,entertainment,Rating Board ESRB. Rated For ages 13 and up.,414,346,3.5
534,The Weather 14 days,news/weather,Rating Board ESRB. Rated For all ages.,1731,623,4.5
535,Clear Master Cleaner,photo/video,Rating Board ESRB. Rated For all ages.,42,20,3.0
536,Thumbnail Maker & Banner Maker,photo/video,Rating Board ESRB. Rated For all ages.,38,7,4.0
537,Office 365 Admin,utilities/tools,Rating Board ESRB. Rated For all ages.,1127,636,4.0
538,Downloader and Converter for YouTube by Hyper,music,Rating Board ESRB. Rated For ages 13 and up.,198,57,4.5
539,Evernote Web Clipper,productivity,Rating Board ESRB. Rated For all ages.,111,84,2.5
540,Stagelight,music,Rating Board ESRB. Rated For all ages.,192,169,4.5
541,Story Saver Free,social,Rating Board ESRB. Rated For all ages.,45,21,4.0
544,edjing 5: DJ turntable to mix and record music,music,Rating Board ESRB. Rated For all ages.,5662,1555,4.0
545,Images To PDF Pro,utilities/tools,Rating Board ESRB. Rated For all ages.,422,180,4.0
546,Sardinian Shores by Giovanni Cultrera,personalization,Rating Board ESRB. Rated For all ages.,16,4,4.5
547,XLS Edit,productivity,Rating Board ESRB. Rated For all ages.,346,174,4.0
548,3D Builder,photo/video,Rating Board ESRB. Rated For all ages.,1405,806,3.5
549,Australian Shores by Anton Gorlin,personalization,Rating Board ESRB. Rated For all ages.,23,10,4.0
550,Bear Landscapes,personalization,Rating Board ESRB. Rated For all ages.,14,6,5.0
551,IPCam Monitor,utilities/tools,Rating Board ESRB. Rated For all ages.,763,473,3.5
552,Pages Manager for Facebook,social,Rating Board ESRB. Rated For ages 13 and up.,8539,4545,3.5
553,Music Mp3 Video Download,entertainment,Rating Board ESRB. Rated For all ages.,142,69,3.0
554,Gallery HD,photo/video,Rating Board ESRB. Rated For all ages.,587,223,3.5
555,ShapeResume,productivity,Rating Board ESRB. Rated For all ages.,207,122,4.0
556,Colors of Nature by Popkov Alexandr,personalization,Rating Board ESRB. Rated For all ages.,21,9,5.0
557,Daily Bing Wallpaper,personalization,Rating Board ESRB. Rated For all ages.,376,182,4.5
558,Painnt - Pro art filters,photo/video,Rating Board ESRB. Rated For all ages.,269,197,4.5
560,Stopwatch + Timer,utilities/tools,Rating Board ESRB. Rated For all ages.,113,53,4.0
561,Beauty of Honshu by Wilson Au,personalization,Rating Board ESRB. Rated For all ages.,19,7,4.0
562,Abstract Coloring Book,photo/video,Rating Board ESRB. Rated For all ages.,3116,1570,4.0
563,Beauty of Britain by Sean Byrne,personalization,Rating Board ESRB. Rated For all ages.,14,6,5.0
564,Grover Podcast,entertainment,Rating Board ESRB. Rated For all ages.,484,331,4.5
565,Foxit MobilePDF,utilities/tools,Rating Board ESRB. Rated For all ages.,2515,1257,4.5
566,AirServer Windows 10 Desktop Edition,entertainment,Rating Board ESRB. Rated For all ages.,64,47,3.0
567,WeVideo,photo/video,Rating Board ESRB. Rated For all ages.,104,58,3.0
568,Typing Fingers LT,education,Rating Board ESRB. Rated For all ages.,221,128,4.0
569,Free VideoDownloader For FB,entertainment,Rating Board ESRB. Rated For ages 13 and up.,40,10,4.0
570,Adult Color by Number Coloring Book Pages,entertainment,Rating Board ESRB. Rated For all ages.,95,18,4.0
571,Hot Air Balloons,personalization,Rating Board ESRB. Rated For all ages.,81,46,4.5
572,XLSX Viewer Free,utilities/tools,Rating Board ESRB. Rated For all ages.,561,253,3.0
573,Graphiter,entertainment,Rating Board ESRB. Rated For all ages.,187,110,3.5
574,SonicWall Mobile Connect,business,Rating Board ESRB. Rated For all ages.,219,156,3.0
575,The Forest Floor by Bojan Šeguljev,personalization,Rating Board ESRB. Rated For all ages.,31,16,4.5
576,ChangeWindows,news/weather,Rating Board ESRB. Rated For all ages.,62,35,4.5
579,MetaMoJi Note Lite,productivity,Rating Board ESRB. Rated For all ages.,81,18,3.5
580,Unlimited Free Music Downloader,music,Rating Board ESRB. Rated For ages 13 and up.,815,431,3.5
581,Wolves by Dave Johnson,personalization,Rating Board ESRB. Rated For all ages.,42,19,5.0
582,Game Controller Tester,utilities/tools,Rating Board ESRB. Rated For all ages.,106,64,3.5
583,Dogs in Summer,personalization,Rating Board ESRB. Rated For all ages.,25,19,4.5
584,Coastal Portugal by Paulo P Pereira,personalization,Rating Board ESRB. Rated For all ages.,23,5,4.5
586,Hashtags - Get Likes and Followers,photo/video,Rating Board ESRB. Rated For all ages.,215,69,4.0
587,"GIF Maker - Photos to GIF, Video to GIF",photo/video,Rating Board ESRB. Rated For all ages.,667,213,4.0
588,Intro to iMovie,photo/video,Rating Board ESRB. Rated For all ages.,427,170,3.0
589,Ink Draft,personalization,Rating Board ESRB. Rated For all ages.,19,3,4.0
590,Rhymes with Orange,personalization,Rating Board ESRB. Rated For all ages.,5,2,4.0
591,Power Media Player 14 for HP Consumer PCs with DVD,photo/video,Rating Board ESRB. Rated For all ages.,82,41,3.0
592,Xbox Original Avatars,entertainment,Rating Board ESRB. Rated For all ages.,7674,3188,4.5
593,Calculator+ HD,productivity,Rating Board ESRB. Rated For all ages.,2856,1264,4.0
594,Screen Saver Gallery,photo/video,Rating Board ESRB. Rated For all ages.,721,306,4.5
595,Vintage Journey,personalization,Rating Board ESRB. Rated For all ages.,90,57,4.5
596,Advanced Google Search App,productivity,Rating Board ESRB. Rated For all ages.,15,8,3.0
598,Lighthouses by Night,personalization,Rating Board ESRB. Rated For all ages.,35,14,5.0
600,CropiPic - crop video & image,photo/video,Rating Board ESRB. Rated For all ages.,1723,1066,4.0
601,Beautiful Queensland by Tracie Louise,personalization,Rating Board ESRB. Rated For all ages.,24,8,4.5
602,Ford F-150 Raptor Xbox One X Edition,personalization,Rating Board ESRB. Rated For all ages.,50,20,4.5
603,Porsche 911 GT2 RS - Forza Motorsport 7,personalization,Rating Board ESRB. Rated For all ages.,69,32,4.5
604,Police Radio Scanner 5-0,entertainment,Rating Board ESRB. Rated For all ages.,4519,2307,4.5
605,Lakeside Vistas,personalization,Rating Board ESRB. Rated For all ages.,73,32,4.5
606,SlideMaker Slideshow Video Editor,photo/video,Rating Board ESRB. Rated For all ages.,67,20,4.0
607,Fields of Flowers,personalization,Rating Board ESRB. Rated For all ages.,28,10,4.0
608,Fluent Video Player,photo/video,Rating Board ESRB. Rated For all ages.,98,37,4.0
609,LogMeIn123,utilities/tools,Rating Board ESRB. Rated For all ages.,1,1,1.0
610,Resume Maker Free,productivity,Rating Board ESRB. Rated For all ages.,151,75,2.5
611,RAR to ZIP Converter & Opener,utilities/tools,Rating Board ESRB. Rated For all ages.,109,23,4.0
612,Xbox Insider Hub,entertainment,Rating Board ESRB. Rated For all ages.,1947,1313,3.0
613,Mixer+,entertainment,Rating Board ESRB. Rated For ages 13 and up.,36,27,3.5
614,Video Editor Music - No Crop Blur Background,photo/video,Rating Board ESRB. Rated For all ages.,97,44,3.0
615,Adult Coloring Book With Multiple Templates & Colors,entertainment,Rating Board ESRB. Rated For all ages.,5024,2639,4.0
616,Keeper - Password Manager & Secure File Storage,productivity,Rating Board ESRB. Rated For all ages.,2096,1164,4.0
617,Autofill for Microsoft Edge by Fillr,productivity,Rating Board ESRB. Rated For all ages.,144,111,3.5
618,WWE Network,entertainment,Rating Board ESRB. Rated For ages 13 and up.,768,437,4.0
619,Animation Desk Classic,entertainment,Rating Board ESRB. Rated For all ages.,280,210,2.5
620,Discover Human Body - Anatomy and Physiology,education,Rating Board ESRB. Rated For all ages.,24,16,2.5
621,Avira Phantom VPN,productivity,Rating Board ESRB. Rated For all ages.,35,14,3.0
622,Deezer Music,music,Rating Board ESRB. Rated For ages 13 and up.,1321,866,3.5
624,Power BI Desktop,business,Rating Board ESRB. Rated For all ages.,106,55,4.5
626,Photo Background Remover,photo/video,Rating Board ESRB. Rated For all ages.,3135,1552,3.0
627,Beautiful Blossoms by Elena Yansupova,personalization,Rating Board ESRB. Rated For all ages.,16,7,5.0
628,"Instant Photo Collage,Poster Maker, Flyer Designer, Ads Page Designer",photo/video,Rating Board ESRB. Rated For all ages.,1234,241,4.5
629,PNW Birds by Christopher D Elliott,personalization,Rating Board ESRB. Rated For all ages.,27,8,5.0
630,Coastal Germany by Frank Hojenski,personalization,Rating Board ESRB. Rated For all ages.,32,11,4.0
632,VSCO App,social,Rating Board ESRB. Rated For all ages.,104,57,1.5
633,Duplicates Cleaner,utilities/tools,Rating Board ESRB. Rated For all ages.,2256,912,5.0
634,Diagnostic Data Viewer,utilities/tools,Rating Board ESRB. Rated For all ages.,63,35,4.0
635,CrystalDiskMark,utilities/tools,Rating Board ESRB. Rated For all ages.,174,74,5.0
636,Beauty of Britain 2 by Sean Byrne,personalization,Rating Board ESRB. Rated For all ages.,35,9,4.5
637,Send fax with WiseFax,business,Rating Board ESRB. Rated For all ages.,19,12,3.5
638,Photo Blender : Photo Editor,photo/video,Rating Board ESRB. Rated For all ages.,1100,386,4.0
639,Slideshow Maker with Music FX - Music Video Maker,photo/video,Rating Board ESRB. Rated For all ages.,145,46,3.5
640,RoboForm for Microsoft Edge,productivity,Rating Board ESRB. Rated For all ages.,530,468,2.5
641,DJ Mix Pads 2 - Remix Version,music,Rating Board ESRB. Rated For all ages.,46,28,3.5
642,Popup Blocker,productivity,Rating Board ESRB. Rated For all ages.,35,22,3.5
643,Photo Studios,photo/video,Rating Board ESRB. Rated For all ages.,71,34,4.0
644,Battery Tile,utilities/tools,Rating Board ESRB. Rated For all ages.,630,368,4.0
645,Rainbow of Birds by Tracie Louise,personalization,Rating Board ESRB. Rated For all ages.,35,21,4.5
646,Cherry Blossoms,personalization,Rating Board ESRB. Rated For all ages.,53,22,5.0
648,Brother iPrint&Scan Light,utilities/tools,Rating Board ESRB. Rated For all ages.,740,332,3.0
649,iDM Edge Extension,utilities/tools,Rating Board ESRB. Rated For all ages.,8,4,4.5
650,Lighthouses by Day,personalization,Rating Board ESRB. Rated For all ages.,37,21,5.0
651,"Video Trimmer Cutter: Video Editor for Youtube, Video Maker",photo/video,Rating Board ESRB. Rated For all ages.,152,28,4.0
652,Unpacker,utilities/tools, Potential violation,8613,4152,3.5
653,Flipboard,news/weather,Rating Board ESRB. Rated For ages 10 and up.,14548,6172,4.0
654,Video Cutter & Compressor,photo/video,Rating Board ESRB. Rated For all ages.,2768,1419,4.5
656,Video to MP3 Converter Extractor,photo/video,Rating Board ESRB. Rated For all ages.,1975,708,4.5
657,NengGao Mountain,personalization,Rating Board ESRB. Rated For all ages.,20,6,4.5
658,"SpeedTest Master - download,upload,ping,device scan,network scan",utilities/tools,Rating Board ESRB. Rated For all ages.,332,88,4.5
659,GoPro Channel,entertainment, Potential violation,398,107,4.0
660,Music Tube for youtube,music,Rating Board ESRB. Rated For ages 13 and up.,104,34,4.0
661,Community Showcase Natural Landscapes 2,personalization,Rating Board ESRB. Rated For all ages.,29,9,5.0
662,Wallpaper HD (Backgrounds HD),photo/video,Rating Board ESRB. Rated For all ages.,3015,922,4.5
663,Fishing Spot,personalization,Rating Board ESRB. Rated For all ages.,20,4,4.5
664,Doc Viewer,productivity,Rating Board ESRB. Rated For all ages.,236,110,4.5
665,MEGA Privacy,utilities/tools,Rating Board ESRB. Rated For all ages.,672,464,4.0
666,System Essentials for Windows 10,utilities/tools,Rating Board ESRB. Rated For all ages.,1833,709,4.0
667,"Simple Radio FM - Listen Live to Online Radio, Music and Talk Stations",music,Rating Board ESRB. Rated For ages 13 and up.,1657,605,4.5
668,Calculator²,utilities/tools,Rating Board ESRB. Rated For all ages.,6296,2564,4.5
669,Exploring Manitoba by Hayley Elizabeth,personalization,Rating Board ESRB. Rated For all ages.,43,12,5.0
671,Ditto Clipboard,productivity,Rating Board ESRB. Rated For all ages.,168,108,4.5
672,Forza Hub,entertainment,Rating Board ESRB. Rated For all ages.,456,227,4.5
673,"Logo Maker - Logo Creator, Generator & Designer",photo/video,Rating Board ESRB. Rated For all ages.,165,30,5.0
674,Community Showcase Cityscapes 2,personalization,Rating Board ESRB. Rated For all ages.,26,12,4.5
675,My MP4 to MP3 Converter,music,Rating Board ESRB. Rated For all ages.,305,198,4.0
676,Power Planner,education,Rating Board ESRB. Rated For all ages.,3135,1796,4.5
677,Camera360,photo/video,Rating Board ESRB. Rated For all ages.,20749,9011,4.5
678,Collage Maker - Photo Grid & Montage,photo/video,Rating Board ESRB. Rated For all ages.,35,4,4.5
679,"Add Stickers,Photo,Text to Video,Video Editor & Flim Maker",photo/video,Rating Board ESRB. Rated For all ages.,980,386,4.0
680,Foxit PhantomPDF,productivity,Rating Board ESRB. Rated For all ages.,42,14,4.0
681,Bountiful Cottage Gardens,personalization,Rating Board ESRB. Rated For all ages.,15,8,5.0
682,Waterfall Tour,personalization,Rating Board ESRB. Rated For all ages.,45,22,4.5
683,AT&T U-verse,entertainment,Rating Board ESRB. Rated For all ages.,287,204,1.5
684,Tampermonkey,productivity,Rating Board ESRB. Rated For all ages.,131,59,4.5
685,Logo Maker & Logo Generator - Logo Maker,entertainment,Rating Board ESRB. Rated For all ages.,55,17,3.0
686,PayPal Here,business,Rating Board ESRB. Rated For all ages.,926,574,4.0
687,Followers Insight,social,Rating Board ESRB. Rated For all ages.,408,190,4.0
688,OneNote,productivity,Rating Board ESRB. Rated For all ages.,70741,37375,4.5
689,Community Showcase Aqua,personalization,Rating Board ESRB. Rated For all ages.,24,7,4.5
691,Tubemate Vidmate Downloader,entertainment,Rating Board ESRB. Rated For all ages.,36,12,4.5
692,"Zip Unlock - Unpack RAR, open zip, 7zip, gzip",utilities/tools,Rating Board ESRB. Rated For all ages.,58,19,3.5
693,Save to Pocket,news/weather,Rating Board ESRB. Rated For ages 13 and up.,149,93,4.0
694,Index Cards,productivity,Rating Board ESRB. Rated For all ages.,183,125,4.0
695,Australian Landscapes by Ian Johnson,personalization,Rating Board ESRB. Rated For all ages.,65,25,4.5
696,Fresh Paint,entertainment,Rating Board ESRB. Rated For all ages.,14434,3887,4.0
697,Neo-n Browser,productivity,Rating Board ESRB. Rated For all ages.,1263,104,4.0
699,Dark Skies by Tracy Hymas,personalization,Rating Board ESRB. Rated For all ages.,61,17,4.5
701,VMware Horizon Client,business,Rating Board ESRB. Rated For all ages.,94,77,3.0
702,Ultra Zip Opener,utilities/tools,Rating Board ESRB. Rated For all ages.,115,25,4.0
703,Anime Tube Unlimited,entertainment,Rating Board ESRB. Rated For ages 13 and up.,82330,30604,4.5
704,VideoPad Video Editor Free,photo/video,Rating Board ESRB. Rated For all ages.,13,9,4.0
705,Baffin Island Expedition by Will Christiansen,personalization,Rating Board ESRB. Rated For all ages.,103,37,5.0
706,Code Writer,productivity,Rating Board ESRB. Rated For all ages.,1801,710,4.0
707,Torrex Lite - Torrent Downloader,utilities/tools,Rating Board ESRB. Rated For all ages.,5072,1865,4.0
708,PowerDirector Mobile,photo/video,Rating Board ESRB. Rated For all ages.,477,217,3.0
709,Tom and Jerry Free Cartoons,entertainment,Rating Board ESRB. Rated For ages 10 and up.,392,99,4.5
710,Virtual DJ Mixer : Mix and Record Music,entertainment,Rating Board ESRB. Rated For all ages.,341,140,3.5
711,Windows Mixed Reality PC Check,utilities/tools,Rating Board ESRB. Rated For all ages.,95,59,3.5
712,Colors of Mexico,personalization,Rating Board ESRB. Rated For all ages.,19,2,4.5
713,Fantastic Phenomena,personalization,Rating Board ESRB. Rated For all ages.,16,4,4.5
714,Rambling Pathways,personalization,Rating Board ESRB. Rated For all ages.,61,30,4.5
715,ZillowPro,productivity,Rating Board ESRB. Rated For all ages.,31,24,2.5
717,Stars at Night,personalization,Rating Board ESRB. Rated For all ages.,42,20,4.0
718,Keeper® for Microsoft Edge - Password Manager & Digital Vault,productivity,Rating Board ESRB. Rated For all ages.,321,134,4.5
720,Bing in Space,personalization,Rating Board ESRB. Rated For all ages.,31,17,4.5
721,MusicBee,music,Rating Board ESRB. Rated For all ages.,199,117,4.5
722,Hex Editor Pro,productivity, Potential violation,349,100,3.0
723,Lightning Strikes,personalization,Rating Board ESRB. Rated For all ages.,34,15,4.5
724,Todoist: To-Do List and Task Manager,productivity,Rating Board ESRB. Rated For all ages.,662,439,3.5
725,Community Showcase Natural Landscapes,personalization,Rating Board ESRB. Rated For all ages.,31,18,4.5
726,Spirality,entertainment,Rating Board ESRB. Rated For all ages.,2219,904,4.5
727,Piano 10,music,Rating Board ESRB. Rated For all ages.,12624,4457,4.0
728,WordScapes - A Word Puzzle,education,Rating Board ESRB. Rated For all ages.,476,152,4.5
729,EarTrumpet,utilities/tools,Rating Board ESRB. Rated For all ages.,492,307,4.5
730,Sandbox Pixel Art - Draw Color by Number,entertainment,Rating Board ESRB. Rated For all ages.,148,27,4.5
731,Fountain Pens,personalization,Rating Board ESRB. Rated For all ages.,8,2,4.5
732,ShareX,utilities/tools,Rating Board ESRB. Rated For all ages.,194,128,4.0
733,The Great American Solar Eclipse,personalization,Rating Board ESRB. Rated For all ages.,38,18,4.5
734,Paint 3D,entertainment,Rating Board ESRB. Rated For all ages.,26424,10469,4.5
735,Dog Days,personalization,Rating Board ESRB. Rated For all ages.,52,21,4.5
737,Widgets HD,productivity,Rating Board ESRB. Rated For all ages.,257,111,3.0
738,Ax-Lite Video Player,utilities/tools,Rating Board ESRB. Rated For all ages.,4527,1844,4.5
739,Wildlife of India,personalization,Rating Board ESRB. Rated For all ages.,34,2,4.5
740,"Media Player - All Formats, Video Player All Formats",photo/video,Rating Board ESRB. Rated For all ages.,61,8,3.5
741,Isle of Man by Mark Wallace,personalization,Rating Board ESRB. Rated For all ages.,31,12,4.5
742,Colorful Birds,personalization,Rating Board ESRB. Rated For all ages.,72,42,5.0
743,QuickLook,productivity,Rating Board ESRB. Rated For all ages.,289,142,5.0
744,Alarm Clock HD,productivity,Rating Board ESRB. Rated For all ages.,25471,10098,4.5
745,PDF Doc,productivity,Rating Board ESRB. Rated For all ages.,1754,602,4.5
746,Bing Fan Favorites - Landscapes,personalization,Rating Board ESRB. Rated For all ages.,22,9,4.5
747,Xbox (beta),entertainment,Rating Board ESRB. Rated For all ages.,4507,2012,4.5
748,Blackboard,education,Rating Board ESRB. Rated For all ages.,219,152,3.0
749,LineWebtoon,entertainment,Rating Board ESRB. Rated For all ages.,124,76,4.0
750,The Northern Lights,personalization,Rating Board ESRB. Rated For all ages.,45,19,4.5
751,Ultra PDF Viewer,utilities/tools,Rating Board ESRB. Rated For all ages.,183,27,4.0
752,Looney Tunes Cartoons,entertainment,Rating Board ESRB. Rated For all ages.,235,94,4.0
754,Photo Editor 10,photo/video,Rating Board ESRB. Rated For all ages.,974,503,3.5
755,Animal Mothers,personalization,Rating Board ESRB. Rated For all ages.,27,5,5.0
756,Mountain Dwellings,personalization,Rating Board ESRB. Rated For all ages.,55,20,4.5
757,Bridges in Autumn,personalization,Rating Board ESRB. Rated For all ages.,51,21,4.5
758,Video & Mp3 Music Downloader for Youtube Videos,photo/video,Rating Board ESRB. Rated For all ages.,188,66,3.5
759,PDF to Word Converter - FirePDF,utilities/tools,Rating Board ESRB. Rated For all ages.,27,20,2.0
760,Samsung Flow,utilities/tools,Rating Board ESRB. Rated For all ages.,406,334,2.5
761,"Musixmatch Lyrics - Sing along Spotify, iTunes, Windows Media Player",music,Rating Board ESRB. Rated For ages 13 and up.,10311,6032,4.0
762,TED,education, Potential violation,1438,566,4.0
763,Network Speed Test,utilities/tools,Rating Board ESRB. Rated For all ages.,31556,15429,4.5
764,"Video Editor & Slideshow Maker : Best Music Video Editor, Photo Movie Maker, Music Video",photo/video,Rating Board ESRB. Rated For all ages.,642,298,3.5
765,Bing Fan Favorites II,personalization,Rating Board ESRB. Rated For all ages.,31,13,4.5
766,gPlayer for Google Play Music,entertainment,Rating Board ESRB. Rated For ages 13 and up.,208,66,4.0
769,"Wallpapers and BackGrounds HD & SplashScreen ,LockScreen Unlimited HD Images Free",photo/video,Rating Board ESRB. Rated For all ages.,7047,2781,4.5
770,Zalo Desktop,productivity,Rating Board ESRB. Rated For all ages.,81,33,4.0
771,Hawaiian Vacation,personalization,Rating Board ESRB. Rated For all ages.,23,4,4.0
772,Beauty of Horses,personalization,Rating Board ESRB. Rated For all ages.,52,15,4.5
773,One Calendar,productivity,Rating Board ESRB. Rated For all ages.,13407,8014,4.0
775,Notebook Pro,productivity,Rating Board ESRB. Rated For all ages.,723,275,3.5
776,Saavn Music & Radio,music,Rating Board ESRB. Rated For ages 13 and up.,2537,1346,4.5
777,Fox News,news/weather,Rating Board ESRB. Rated For ages 10 and up.,3192,1004,3.5
778,Explore Word,business,Rating Board ESRB. Rated For all ages.,194,96,3.5
779,Send to OneNote,productivity, Potential violation,66,47,3.5
780,Karaoke One,entertainment,Rating Board ESRB. Rated For ages 17 and up.,897,361,4.0
782,"Movie Maker for Photos: Free Video Editor & Slideshow Maker, Image to Video Movie Maker",photo/video,Rating Board ESRB. Rated For all ages.,205,64,3.5
783,Sony Crackle - Movies & TV,entertainment,Rating Board ESRB. Rated For all ages.,213,150,2.5
784,PDF Document Scanner,productivity,Rating Board ESRB. Rated For all ages.,756,290,4.0
785,Alaskan Landscapes by Kyle Waters,personalization,Rating Board ESRB. Rated For all ages.,38,17,4.5
787,TubeMate Video Downloader - Play Videos,entertainment,Rating Board ESRB. Rated For ages 13 and up.,346,132,4.0
788,Zoom Rooms,business,Rating Board ESRB. Rated For all ages.,18,14,2.0
789,Community Showcase Rural Landscapes 3,personalization,Rating Board ESRB. Rated For all ages.,40,17,4.5
790,Document Manager for Windows 10,utilities/tools,Rating Board ESRB. Rated For all ages.,864,319,3.5
791,French Riviera,personalization,Rating Board ESRB. Rated For all ages.,27,6,4.5
793,"Video Trimmer & Video Cutter , Video Editor",photo/video,Rating Board ESRB. Rated For all ages.,655,169,4.0
795,Baby Animals,personalization,Rating Board ESRB. Rated For all ages.,102,52,4.5
796,Explore Excel,business,Rating Board ESRB. Rated For all ages.,209,92,4.0
797,Pixel Art - Color by number coloring book,entertainment,Rating Board ESRB. Rated For all ages.,4066,676,4.5
798,Easy Typing Practice in 3 Days,education,Rating Board ESRB. Rated For all ages.,204,106,4.5
799,Findoo Browser,productivity,Rating Board ESRB. Rated For all ages.,839,96,4.0
800,Fish and Corals,personalization,Rating Board ESRB. Rated For all ages.,64,29,4.5
801,DocuSign,productivity,Rating Board ESRB. Rated For all ages.,554,176,3.0
803,Video Editor Master,photo/video,Rating Board ESRB. Rated For all ages.,23851,12434,3.5
804,My Office,productivity,Rating Board ESRB. Rated For all ages.,2809,1155,3.5
805,Video Maker - VideoShow,utilities/tools,Rating Board ESRB. Rated For all ages.,3324,1613,3.5
806,TuneIn Radio,music,Rating Board ESRB. Rated For ages 13 and up.,18612,7796,4.0
807,8 SoundCloud,music,Rating Board ESRB. Rated For ages 13 and up.,2398,1059,4.0
808,Basic Photo Viewer,photo/video,Rating Board ESRB. Rated For all ages.,210,132,4.5
809,musical.ly - Global Video Community for UWP,photo/video,Rating Board ESRB. Rated For all ages.,51,24,4.0
810,Forest for the Trees,personalization,Rating Board ESRB. Rated For all ages.,50,18,4.5
811,US National Parks,personalization,Rating Board ESRB. Rated For all ages.,154,56,4.5
812,Phototastic Collage,photo/video,Rating Board ESRB. Rated For all ages.,57696,22621,4.5
813,Mixer Go,entertainment,Rating Board ESRB. Rated For all ages.,78,52,3.5
814,Turtles and Tortoises,personalization,Rating Board ESRB. Rated For all ages.,8,2,5.0
815,Bamboo Paper,productivity,Rating Board ESRB. Rated For all ages.,4769,2051,4.5
816,Samsung Gallery,photo/video,Rating Board ESRB. Rated For all ages.,141,96,2.5
818,Vidmate Music & HD Video Downloader,photo/video,Rating Board ESRB. Rated For all ages.,823,174,4.0
819,-My Notes-,productivity,Rating Board ESRB. Rated For all ages.,29281,15904,4.5
820,Movie Maker for YouTube and Instagram,photo/video,Rating Board ESRB. Rated For all ages.,711,289,3.5
821,"8 Zip Lite - unpack RAR, ZIP, 7z for free",utilities/tools,Rating Board ESRB. Rated For all ages.,5506,2034,4.0
822,Circuit Overload,personalization,Rating Board ESRB. Rated For all ages.,58,19,4.5
823,Animation Desk - Create Animation Like a Pro,entertainment,Rating Board ESRB. Rated For all ages.,473,218,4.0
824,Beautiful Norway,personalization,Rating Board ESRB. Rated For all ages.,25,6,5.0
825,Pictures Opener,utilities/tools,Rating Board ESRB. Rated For all ages.,439,27,4.5
826,Microsoft Wireless Display Adapter,utilities/tools,Rating Board ESRB. Rated For all ages.,3648,2433,2.5
827,Music Player for YouTube - Watch music videos and download mp3 / mp4,music,Rating Board ESRB. Rated For ages 13 and up.,2332,608,4.5
828,Free Movies Den,entertainment,Rating Board ESRB. Rated For ages 13 and up.,240,61,3.0
829,"CloudApp - Screen Recorder, GIF Maker, Screenshots",productivity,Rating Board ESRB. Rated For all ages.,163,127,2.5
830,AccuWeather - Weather for Life,news/weather,Rating Board ESRB. Rated For all ages.,38606,16742,4.0
831,Cosmic Beauty,personalization,Rating Board ESRB. Rated For all ages.,64,23,4.5
832,iDownload Manager (iDM),utilities/tools,Rating Board ESRB. Rated For all ages.,100,31,4.5
833,The Animal Kingdom,personalization,Rating Board ESRB. Rated For all ages.,5,3,5.0
834,GoToMeeting,business,Rating Board ESRB. Rated For all ages.,1685,701,3.5
835,Trello,business,Rating Board ESRB. Rated For all ages.,256,157,4.0
836,Bing Sunshine,personalization,Rating Board ESRB. Rated For all ages.,27,12,4.5
837,Beach Sunsets by Josh Sommers,personalization,Rating Board ESRB. Rated For all ages.,48,23,4.5
838,DriveHQ FileManager Lite,productivity,Rating Board ESRB. Rated For all ages.,635,101,3.0
839,Tubemate HD Video Pro,music,Rating Board ESRB. Rated For all ages.,345,119,4.0
841,PDF Viewer Plus,utilities/tools,Rating Board ESRB. Rated For all ages.,3076,1118,4.5
842,Sketchable,entertainment,Rating Board ESRB. Rated For all ages.,1142,513,3.5
844,Music Maker Jam,music,Rating Board ESRB. Rated For all ages.,6044,1487,4.0
845,"AutoCAD mobile - DWG Viewer, Editor & CAD Drawing Tools",productivity,Rating Board ESRB. Rated For all ages.,1775,700,4.0
847,The CW,entertainment,Rating Board ESRB. Rated For ages 13 and up.,3566,1415,3.0
848,OneNote Web Clipper,productivity,Rating Board ESRB. Rated For all ages.,343,267,3.0
849,Color Explosion,personalization,Rating Board ESRB. Rated For all ages.,121,48,4.5
852,Messenger (Beta),social,Rating Board ESRB. Rated For all ages.,1327,917,3.5
853,Express Burn CD and DVD Burner Free,utilities/tools,Rating Board ESRB. Rated For all ages.,24,12,3.0
854,Coloring Books For Adults And Kids AntiStress Relaxing Artistic Mandalas,photo/video,Rating Board ESRB. Rated For all ages.,5754,1628,4.5
855,HD video downloader for Youtube,photo/video,Rating Board ESRB. Rated For ages 13 and up.,165,88,3.5
856,Sights of Russia,personalization,Rating Board ESRB. Rated For all ages.,24,5,5.0
857,Zen: Coloring book for adults,entertainment,Rating Board ESRB. Rated For all ages.,706,464,4.0
858,Microsoft Teams for Windows 10 S (Preview),business,Rating Board ESRB. Rated For all ages.,50,21,3.0
859,Planner 5D - Home & Interior Design,productivity,Rating Board ESRB. Rated For all ages.,496,308,3.5
860,123 Photo Viewer,photo/video,Rating Board ESRB. Rated For all ages.,1806,584,4.5
861,Sway,productivity,Rating Board ESRB. Rated For all ages.,1918,857,4.5
862,Dashlane - Password Manager,productivity,Rating Board ESRB. Rated For all ages.,286,217,3.0
863,RAR Opener,utilities/tools,Rating Board ESRB. Rated For all ages.,8944,3251,4.5
864,Blu-ray PRO,photo/video,Rating Board ESRB. Rated For all ages.,485,196,3.5
865,Plex,photo/video,Rating Board ESRB. Rated For all ages.,4379,2196,4.0
866,Free Mp3 Video Downloader,music,Rating Board ESRB. Rated For ages 13 and up.,99,43,3.5
867,WiFi Analyzer,utilities/tools,Rating Board ESRB. Rated For all ages.,1678,962,4.5
868,Undersea Life,personalization,Rating Board ESRB. Rated For all ages.,37,6,4.5
869,"9 ZIP - open rar, zip, 7zip, gzip",utilities/tools,Rating Board ESRB. Rated For all ages.,10792,5103,4.0
870,"mysms - Text from Computer, Messaging",social,Rating Board ESRB. Rated For all ages.,6358,3125,4.0
871,Hitting the Road,personalization,Rating Board ESRB. Rated For all ages.,32,10,5.0
872,"TubeTV for YouTube - Watch Videos, Music, TV Shows and Live Clips",music,Rating Board ESRB. Rated For ages 13 and up.,708,168,4.5
873,Autumn Colors,personalization,Rating Board ESRB. Rated For all ages.,89,48,4.5
874,GroupMe,social,Rating Board ESRB. Rated For all ages.,1498,714,4.5
876,Live Home 3D,productivity,Rating Board ESRB. Rated For all ages.,267,158,4.0
877,WeChat For Windows,social,Rating Board ESRB. Rated For ages 13 and up.,718,450,3.0
878,Khan Academy,education, Potential violation,5073,1565,4.0
879,PhotoScape X,photo/video,Rating Board ESRB. Rated For all ages.,154,97,4.5
881,Beautiful Sunsets,personalization,Rating Board ESRB. Rated For all ages.,68,24,4.5
882,GameVids for Twitch: Gaming Live Stream & Chat for Twitch,photo/video,Rating Board ESRB. Rated For ages 13 and up.,782,139,4.5
883,Facebook (Beta),social,Rating Board ESRB. Rated For ages 13 and up.,3688,2737,3.0
884,Sticky Notes 8,utilities/tools,Rating Board ESRB. Rated For all ages.,3532,1264,4.0
885,SiriusXM,music,Rating Board ESRB. Rated For ages 13 and up.,1272,758,3.5
886,AdBlocker Ultimate,productivity,Rating Board ESRB. Rated For all ages.,505,241,4.5
887,Screenshot,utilities/tools,Rating Board ESRB. Rated For all ages.,804,303,3.0
888,Office Lens,productivity,Rating Board ESRB. Rated For all ages.,15696,8928,4.5
889,ACG Player,utilities/tools,Rating Board ESRB. Rated For all ages.,14438,5972,4.5
890,Magnificent Japanese Flora,personalization,Rating Board ESRB. Rated For all ages.,18,7,4.5
891,LinkedIn,social,Rating Board ESRB. Rated For ages 13 and up.,33086,14570,4.0
892,Bluetooth File Transfer (BlueFTP),utilities/tools,Rating Board ESRB. Rated For all ages.,162,72,4.0
893,Microsoft Remote Desktop,productivity,Rating Board ESRB. Rated For all ages.,6170,2516,3.5
895,LastPass: Free Password Manager,productivity,Rating Board ESRB. Rated For all ages.,1039,801,3.0
896,WinZip Universal,productivity,Rating Board ESRB. Rated For all ages.,324,173,3.5
897,MyRadar,news/weather,Rating Board ESRB. Rated For all ages.,63169,30284,4.5
899,Wattpad: Free Books and Stories,entertainment, Potential violation,1491,1021,4.0
900,Video Player - Play All Videos,photo/video,Rating Board ESRB. Rated For all ages.,540,78,3.5
901,VUDU Movies and TV,entertainment,Rating Board ESRB. Rated For ages 13 and up.,929,698,2.5
902,Youtube Video Downloader HDR,entertainment,Rating Board ESRB. Rated For all ages.,86,13,3.5
903,Pic Collage,photo/video,Rating Board ESRB. Rated For all ages.,9769,3862,4.5
904,MobileDiscord PTB,social,Rating Board ESRB. Rated For ages 13 and up.,135,95,4.5
906,Xodo PDF Reader & Editor,productivity,Rating Board ESRB. Rated For all ages.,2699,1647,4.0
907,Epson Print and Scan,photo/video,Rating Board ESRB. Rated For all ages.,1219,706,2.0
908,Roku,entertainment,Rating Board ESRB. Rated For ages 13 and up.,1893,877,3.5
909,uBlock Origin,productivity,Rating Board ESRB. Rated For all ages.,675,329,4.5
910,Converter for YouTube. Video and Music Downloader,music,Rating Board ESRB. Rated For ages 13 and up.,1888,597,4.5
911,Cat Expressions,personalization,Rating Board ESRB. Rated For all ages.,17,2,4.5
912,Take a Hike,personalization,Rating Board ESRB. Rated For all ages.,29,8,4.5
913,Live Streams & Chat for Twitch,entertainment,Rating Board ESRB. Rated For ages 13 and up.,1841,567,4.5
914,Autodesk SketchBook,entertainment,Rating Board ESRB. Rated For all ages.,4539,1830,4.5
915,Evernote,productivity,Rating Board ESRB. Rated For all ages.,6096,2014,3.0
916,Crunchyroll,entertainment,Rating Board ESRB. Rated For ages 13 and up.,1470,1054,4.0
917,Upload for Instagram,social,Rating Board ESRB. Rated For ages 13 and up.,1737,112,4.5
918,Translator for Microsoft Edge,productivity,Rating Board ESRB. Rated For all ages.,791,441,3.5
919,"Total PC Cleaner - Free Disk Space Clean Up, Optimize Memory & Windows System",productivity,Rating Board ESRB. Rated For all ages.,5060,792,4.5
920,PBS:Public Broadcasting Service,photo/video,Rating Board ESRB. Rated For ages 13 and up.,21,2,4.5
922,imo desktop free video calls and chat,social,Rating Board ESRB. Rated For all ages.,2811,670,4.0
923,Near Side of the Moon,personalization,Rating Board ESRB. Rated For all ages.,11,7,4.0
924,LINE,social,Rating Board ESRB. Rated For all ages.,46363,15155,3.5
925,Hotspot Shield Free VPN,productivity,Rating Board ESRB. Rated For all ages.,14111,6619,4.0
926,Office Online,productivity,Rating Board ESRB. Rated For all ages.,279,146,4.0
927,OneClick downloader for YouTube,entertainment,Rating Board ESRB. Rated For ages 13 and up.,4047,1334,4.5
928,Idea VPN - Web Proxy Master & Free Hotspot,productivity,Rating Board ESRB. Rated For all ages.,1746,242,4.5
930,Microsoft Whiteboard,productivity,Rating Board ESRB. Rated For all ages.,184,130,4.0
931,Duolingo - Learn Languages for Free,education,Rating Board ESRB. Rated For all ages.,34732,19617,4.5
932,Rar Zip Extractor Pro,utilities/tools,Rating Board ESRB. Rated For all ages.,1588,679,3.5
933,TeamViewer: Remote Control,productivity,Rating Board ESRB. Rated For all ages.,3415,1863,4.5
934,Remix 3D Ocean Life,personalization,Rating Board ESRB. Rated For all ages.,18,2,4.5
935,Converter for YouTube by Flvto.com,music,Rating Board ESRB. Rated For ages 13 and up.,11178,4894,4.5
936,Media Player S,photo/video,Rating Board ESRB. Rated For all ages.,801,242,4.0
937,Meteor Showers,personalization,Rating Board ESRB. Rated For all ages.,13,7,5.0
938,McLaren Senna Track Day,personalization,Rating Board ESRB. Rated For all ages.,57,12,4.5
939,Telegram Desktop,social,Rating Board ESRB. Rated For ages 13 and up.,1050,429,4.5
942,Slack,business,Rating Board ESRB. Rated For all ages.,337,210,4.0
943,Sling TV,entertainment,Rating Board ESRB. Rated For ages 13 and up.,11249,5820,4.0
944,All Video Player HD,photo/video,Rating Board ESRB. Rated For all ages.,183,91,3.0
946,Movie Maker & Video Editor : Slideshow Maker,entertainment,Rating Board ESRB. Rated For all ages.,1098,223,4.0
947,MicVPN-Free VPN For Everyone,business,Rating Board ESRB. Rated For all ages.,84,44,4.5
948,Movie Creator : Free Video Editor,photo/video,Rating Board ESRB. Rated For all ages.,14137,6531,3.5
949,Phys.org,news/weather,Rating Board ESRB. Rated For all ages.,58,3,4.5
951,Photo Editor | Polarr,photo/video,Rating Board ESRB. Rated For all ages.,2123,1121,4.5
952,Colors of the Rainbow,personalization,Rating Board ESRB. Rated For all ages.,61,18,4.5
953,Dropbox mobile,productivity,Rating Board ESRB. Rated For all ages.,10658,3459,3.5
954,Animotica - Video Editor,photo/video,Rating Board ESRB. Rated For all ages.,6066,2797,4.5
955,Microsoft To-Do,productivity,Rating Board ESRB. Rated For all ages.,5596,2654,4.5
956,Swimming Holes,personalization,Rating Board ESRB. Rated For all ages.,26,3,4.5
957,Xbox Accessories,utilities/tools,Rating Board ESRB. Rated For all ages.,1269,870,2.5
958,PicsArt Photo Studio: Collage Maker and Pic Editor,photo/video,Rating Board ESRB. Rated For ages 13 and up.,27827,11781,4.5
960,iHeartRadio,music,Rating Board ESRB. Rated For ages 13 and up.,36840,11423,4.0
961,Adblock Plus,utilities/tools,Rating Board ESRB. Rated For all ages.,854,563,3.5
962,File Viewer Plus,utilities/tools,Rating Board ESRB. Rated For all ages.,667,154,4.0
963,SHARE.it,utilities/tools,Rating Board ESRB. Rated For all ages.,6773,4197,3.5
964,HEIF Image Extensions,utilities/tools,Rating Board ESRB. Rated For all ages.,60,22,3.5
965,Kodi,photo/video,Rating Board ESRB. Rated For all ages.,2397,1505,3.5
967,"Dr. Unarchiver-open RAR,ZIP,7Z,Gzip,BZ for free",utilities/tools,Rating Board ESRB. Rated For all ages.,1357,365,4.5
968,"Open Any File - Preview/unpack RAR,ZIP,7z,Tar",utilities/tools,Rating Board ESRB. Rated For all ages.,1140,191,4.0
969,Speedtest by Ookla,utilities/tools,Rating Board ESRB. Rated For all ages.,1069,687,3.5
970,Amazon Music,music,Rating Board ESRB. Rated For ages 13 and up.,374,230,3.5
971,Grammarly for Microsoft Edge,productivity,Rating Board ESRB. Rated For all ages.,566,338,4.0
972,theChive Probably the Best App Ever,photo/video,Rating Board ESRB. Rated For ages 13 and up.,105,2,4.5
973,"PDF Reader - View, Edit, Share",productivity,Rating Board ESRB. Rated For all ages.,2953,770,4.5
974,VLC,photo/video,Rating Board ESRB. Rated For all ages.,2920,1599,3.5
975,Dolby Access,entertainment,Rating Board ESRB. Rated For ages 17 and up.,13542,5028,4.5
976,"Adobe Photoshop Express: Image Editor, Adjustments, Filters, Effects, Borders",photo/video,Rating Board ESRB. Rated For all ages.,28786,9169,4.0
977,Pandora,music,Rating Board ESRB. Rated For ages 13 and up.,29614,16706,4.0
978,DVD Player+,photo/video,Rating Board ESRB. Rated For all ages.,92,46,2.5
980,Hulu,entertainment,Rating Board ESRB. Rated For ages 13 and up.,27410,8191,3.0
981,WhatsApp Desktop,social,Rating Board ESRB. Rated For all ages.,3413,1335,4.0
982,Facebook,social,Rating Board ESRB. Rated For ages 13 and up.,145847,28901,3.5
983,Messenger,social,Rating Board ESRB. Rated For all ages.,39540,21679,3.5
984,Instagram,social,Rating Board ESRB. Rated For ages 13 and up.,29440,17259,3.5
985,Netflix,entertainment,Rating Board ESRB. Rated For ages 13 and up.,319171,61109,4.0
986,Spotify Music,music,Rating Board ESRB. Rated For ages 13 and up.,5900,3186,4.0
